{
    "data_folder": "data",
    "task_name": "development",
    "train_filepath": "data/train.txt",
    "dev_filepath": "data/dev.txt",
    "test_filepath": "data/test.txt",
    "output_dir": "development",
    "result_filepath": "all.json",
    "log_filepath": "development.log",
    "lr": 3e-05,
    "min_lr": 1e-08,
    "train_bs": 16,
    "eval_bs": 16,
    "max_epochs": 100,
    "anneal_factor": 0.5,
    "anneal_patience": 3,
    "early_stop_patience": 10,
    "optimizer": "adam",
    "seed": 52,
    "device": 0,
    "embedding_type": "bert",
    "pretrained_dir": "/data/dai031/Corpora/SciBERT/scibert_scivocab_cased",
    "dropout": 0.4,
    "word_dropout": 0.05,
    "variational_dropout": 0.5,
    "augmentation": [
        "MR",
        "LwTR",
        "SiS",
        "SR"
    ],
    "p_power": 1.0,
    "replace_ratio": 0.3,
    "num_generated_samples": 1,
    "debug": false,
    "result": {
        "epoch-1": {
            "time": 19.66853952407837,
            "lr": 3e-05,
            "train_loss": 0.9690456733703613,
            "dev_score": 0.09965766451122098
        },
        "best_epoch": 10,
        "epoch-2": {
            "time": 16.5556161403656,
            "lr": 3e-05,
            "train_loss": 0.5107471866607666,
            "dev_score": 0.244613710554951
        },
        "epoch-3": {
            "time": 14.276576519012451,
            "lr": 3e-05,
            "train_loss": 0.28243677616119384,
            "dev_score": 0.2637062339880444
        },
        "epoch-4": {
            "time": 14.240831136703491,
            "lr": 3e-05,
            "train_loss": 0.18956000757217406,
            "dev_score": 0.3125222975383518
        },
        "epoch-5": {
            "time": 14.195635557174683,
            "lr": 3e-05,
            "train_loss": 0.14095087051391603,
            "dev_score": 0.32865219770198795
        },
        "epoch-6": {
            "time": 13.715360403060913,
            "lr": 3e-05,
            "train_loss": 0.11004254984855652,
            "dev_score": 0.3298075255765563
        },
        "epoch-7": {
            "time": 14.000003099441528,
            "lr": 3e-05,
            "train_loss": 0.10718414855003357,
            "dev_score": 0.3181818181818182
        },
        "epoch-8": {
            "time": 13.738780498504639,
            "lr": 3e-05,
            "train_loss": 0.09607106971740723,
            "dev_score": 0.3543758967001435
        },
        "epoch-9": {
            "time": 13.921955823898315,
            "lr": 3e-05,
            "train_loss": 0.11340126872062684,
            "dev_score": 0.3930506258172987
        },
        "epoch-10": {
            "time": 13.871596813201904,
            "lr": 3e-05,
            "train_loss": 0.09872374606132507,
            "dev_score": 0.41202404809619236
        },
        "epoch-11": {
            "time": 13.553090333938599,
            "lr": 3e-05,
            "train_loss": 0.09717637491226196,
            "dev_score": 0.3820056232427367
        },
        "epoch-12": {
            "time": 13.578468322753906,
            "lr": 3e-05,
            "train_loss": 0.08993380761146545,
            "dev_score": 0.39383110776753805
        },
        "epoch-13": {
            "time": 13.659145593643188,
            "lr": 3e-05,
            "train_loss": 0.08395688486099243,
            "dev_score": 0.3692414270869415
        },
        "epoch-14": {
            "time": 13.54472303390503,
            "lr": 1.5e-05,
            "train_loss": 0.0869245376586914,
            "dev_score": 0.38938395970554046
        },
        "epoch-15": {
            "time": 13.531899452209473,
            "lr": 1.5e-05,
            "train_loss": 0.09053737092018127,
            "dev_score": 0.3791469194312796
        },
        "epoch-16": {
            "time": 13.610719680786133,
            "lr": 1.5e-05,
            "train_loss": 0.07466838932037353,
            "dev_score": 0.3858695652173913
        },
        "epoch-17": {
            "time": 13.547102451324463,
            "lr": 1.5e-05,
            "train_loss": 0.10078615999221802,
            "dev_score": 0.39052570768342
        },
        "epoch-18": {
            "time": 13.581631660461426,
            "lr": 7.5e-06,
            "train_loss": 0.0944696171283722,
            "dev_score": 0.3669369051815298
        },
        "epoch-19": {
            "time": 13.738181591033936,
            "lr": 7.5e-06,
            "train_loss": 0.07229421520233155,
            "dev_score": 0.3635388739946381
        },
        "epoch-20": {
            "time": 13.708725452423096,
            "lr": 7.5e-06,
            "train_loss": 0.08439415740966796,
            "dev_score": 0.3766866566716642
        },
        "dev_result": {
            "problem": {
                "tp": 643,
                "fp": 597,
                "fn": 355,
                "tn": 643,
                "p": 0.5185483870967742,
                "r": 0.6442885771543087,
                "f": 0.5746201966041108
            },
            "test": {
                "tp": 367,
                "fp": 1172,
                "fn": 137,
                "tn": 367,
                "p": 0.23846653671215073,
                "r": 0.7281746031746031,
                "f": 0.359275575134606
            },
            "treatment": {
                "tp": 18,
                "fp": 50,
                "fn": 623,
                "tn": 18,
                "p": 0.2647058823529412,
                "r": 0.028081123244929798,
                "f": 0.050775740479548664
            },
            "overall": {
                "tp": 1028,
                "fp": 1819,
                "fn": 1115,
                "tn": 1028,
                "p": 0.3610818405338953,
                "r": 0.47970135324311713,
                "f": 0.41202404809619236
            }
        },
        "test_result": {
            "problem": {
                "tp": 7973,
                "fp": 7150,
                "fn": 4619,
                "tn": 7973,
                "p": 0.5272102096144945,
                "r": 0.6331797966963151,
                "f": 0.5753563052498646
            },
            "test": {
                "tp": 6281,
                "fp": 14765,
                "fn": 2944,
                "tn": 6281,
                "p": 0.2984415090753587,
                "r": 0.6808672086720867,
                "f": 0.41498463876317265
            },
            "treatment": {
                "tp": 220,
                "fp": 518,
                "fn": 9124,
                "tn": 220,
                "p": 0.2981029810298103,
                "r": 0.023544520547945206,
                "f": 0.04364213449712359
            },
            "overall": {
                "tp": 14474,
                "fp": 22433,
                "fn": 16687,
                "tn": 14474,
                "p": 0.392174926165768,
                "r": 0.4644908699977536,
                "f": 0.42528060175119
            }
        }
    }
}