{
    "data_folder": "data",
    "task_name": "development",
    "train_filepath": "data/train.txt",
    "dev_filepath": "data/dev.txt",
    "test_filepath": "data/test.txt",
    "output_dir": "development",
    "result_filepath": "baseline.json",
    "log_filepath": "development.log",
    "lr": 3e-05,
    "min_lr": 1e-08,
    "train_bs": 16,
    "eval_bs": 16,
    "max_epochs": 100,
    "anneal_factor": 0.5,
    "anneal_patience": 3,
    "early_stop_patience": 10,
    "optimizer": "adam",
    "seed": 52,
    "device": 0,
    "embedding_type": "bert",
    "pretrained_dir": "/data/dai031/Corpora/SciBERT/scibert_scivocab_cased",
    "dropout": 0.4,
    "word_dropout": 0.05,
    "variational_dropout": 0.5,
    "augmentation": [],
    "p_power": 1.0,
    "replace_ratio": 0.3,
    "num_generated_samples": 1,
    "debug": false,
    "result": {
        "epoch-1": {
            "time": 13.014822244644165,
            "lr": 3e-05,
            "train_loss": 1.4277047157287597,
            "dev_score": 0.0
        },
        "best_epoch": 21,
        "epoch-2": {
            "time": 10.268345594406128,
            "lr": 3e-05,
            "train_loss": 1.0955311393737792,
            "dev_score": 0.0
        },
        "epoch-3": {
            "time": 10.413800954818726,
            "lr": 3e-05,
            "train_loss": 0.8500033235549926,
            "dev_score": 0.08956417433026789
        },
        "epoch-4": {
            "time": 10.342238903045654,
            "lr": 3e-05,
            "train_loss": 0.7810149955749511,
            "dev_score": 0.14440433212996387
        },
        "epoch-5": {
            "time": 10.329620122909546,
            "lr": 3e-05,
            "train_loss": 0.6575195503234863,
            "dev_score": 0.16901408450704225
        },
        "epoch-6": {
            "time": 10.364415168762207,
            "lr": 3e-05,
            "train_loss": 0.5226570701599121,
            "dev_score": 0.24745417515274948
        },
        "epoch-7": {
            "time": 10.408924102783203,
            "lr": 3e-05,
            "train_loss": 0.5014893245697022,
            "dev_score": 0.26010616578195184
        },
        "epoch-8": {
            "time": 10.303992748260498,
            "lr": 3e-05,
            "train_loss": 0.33171002388000487,
            "dev_score": 0.25531028738025824
        },
        "epoch-9": {
            "time": 10.294381618499756,
            "lr": 3e-05,
            "train_loss": 0.3683152627944946,
            "dev_score": 0.2783485171544873
        },
        "epoch-10": {
            "time": 10.34130072593689,
            "lr": 3e-05,
            "train_loss": 0.2250323486328125,
            "dev_score": 0.2799640610961366
        },
        "epoch-11": {
            "time": 10.411646127700806,
            "lr": 3e-05,
            "train_loss": 0.25124606132507327,
            "dev_score": 0.29859262076835297
        },
        "epoch-12": {
            "time": 10.409311532974243,
            "lr": 3e-05,
            "train_loss": 0.16842712640762328,
            "dev_score": 0.29122867482336723
        },
        "epoch-13": {
            "time": 10.417112588882446,
            "lr": 3e-05,
            "train_loss": 0.21518162727355958,
            "dev_score": 0.27126513016083564
        },
        "epoch-14": {
            "time": 10.422632694244385,
            "lr": 3e-05,
            "train_loss": 0.12018004655838013,
            "dev_score": 0.3005014326647565
        },
        "epoch-15": {
            "time": 10.448128938674927,
            "lr": 3e-05,
            "train_loss": 0.11188573598861694,
            "dev_score": 0.3238625812441968
        },
        "epoch-16": {
            "time": 10.450593709945679,
            "lr": 3e-05,
            "train_loss": 0.14357887506484984,
            "dev_score": 0.3212703101920236
        },
        "epoch-17": {
            "time": 10.397750616073608,
            "lr": 3e-05,
            "train_loss": 0.07967643022537231,
            "dev_score": 0.32193229901269393
        },
        "epoch-18": {
            "time": 10.33264446258545,
            "lr": 3e-05,
            "train_loss": 0.08193037748336791,
            "dev_score": 0.3339536457452208
        },
        "epoch-19": {
            "time": 10.394205331802368,
            "lr": 3e-05,
            "train_loss": 0.1665712857246399,
            "dev_score": 0.3451021114572516
        },
        "epoch-20": {
            "time": 10.396302938461304,
            "lr": 3e-05,
            "train_loss": 0.07202867031097412,
            "dev_score": 0.3597686135473036
        },
        "epoch-21": {
            "time": 10.397184610366821,
            "lr": 3e-05,
            "train_loss": 0.17850204944610595,
            "dev_score": 0.36218980867588557
        },
        "epoch-22": {
            "time": 10.404208660125732,
            "lr": 3e-05,
            "train_loss": 0.11033328533172608,
            "dev_score": 0.35633853977479113
        },
        "epoch-23": {
            "time": 10.461987733840942,
            "lr": 3e-05,
            "train_loss": 0.08500522136688232,
            "dev_score": 0.3417543859649123
        },
        "epoch-24": {
            "time": 10.691466093063354,
            "lr": 3e-05,
            "train_loss": 0.05430272340774536,
            "dev_score": 0.34225926582727434
        },
        "epoch-25": {
            "time": 10.44954800605774,
            "lr": 1.5e-05,
            "train_loss": 0.1919992208480835,
            "dev_score": 0.3420101229211858
        },
        "epoch-26": {
            "time": 10.407626867294312,
            "lr": 1.5e-05,
            "train_loss": 0.099778653383255,
            "dev_score": 0.34164997268257147
        },
        "epoch-27": {
            "time": 10.437412738800049,
            "lr": 1.5e-05,
            "train_loss": 0.08653844475746154,
            "dev_score": 0.3413391557496361
        },
        "epoch-28": {
            "time": 10.445644855499268,
            "lr": 1.5e-05,
            "train_loss": 0.0943901515007019,
            "dev_score": 0.3425054308472122
        },
        "epoch-29": {
            "time": 10.405970096588135,
            "lr": 7.5e-06,
            "train_loss": 0.1573163866996765,
            "dev_score": 0.34096233555595606
        },
        "epoch-30": {
            "time": 10.422795057296753,
            "lr": 7.5e-06,
            "train_loss": 0.07757450342178344,
            "dev_score": 0.3401727861771058
        },
        "epoch-31": {
            "time": 10.41916012763977,
            "lr": 7.5e-06,
            "train_loss": 0.11500994086265565,
            "dev_score": 0.3413755851638459
        },
        "dev_result": {
            "problem": {
                "tp": 611,
                "fp": 700,
                "fn": 387,
                "tn": 611,
                "p": 0.4660564454614798,
                "r": 0.6122244488977956,
                "f": 0.5292334343871806
            },
            "test": {
                "tp": 342,
                "fp": 1474,
                "fn": 162,
                "tn": 342,
                "p": 0.1883259911894273,
                "r": 0.6785714285714286,
                "f": 0.29482758620689653
            },
            "treatment": {
                "tp": 3,
                "fp": 6,
                "fn": 638,
                "tn": 3,
                "p": 0.3333333333333333,
                "r": 0.0046801872074883,
                "f": 0.009230769230769232
            },
            "overall": {
                "tp": 956,
                "fp": 2180,
                "fn": 1187,
                "tn": 956,
                "p": 0.3048469387755102,
                "r": 0.44610359309379377,
                "f": 0.36218980867588557
            }
        },
        "test_result": {
            "problem": {
                "tp": 7597,
                "fp": 7754,
                "fn": 4995,
                "tn": 7597,