{
    "data_folder": "data",
    "task_name": "development",
    "train_filepath": "data/train.txt",
    "dev_filepath": "data/dev.txt",
    "test_filepath": "data/test.txt",
    "output_dir": "development",
    "result_filepath": "baseline.json",
    "log_filepath": "development.log",
    "lr": 3e-05,
    "min_lr": 1e-08,
    "train_bs": 16,
    "eval_bs": 16,
    "max_epochs": 100,
    "anneal_factor": 0.5,
    "anneal_patience": 3,
    "early_stop_patience": 10,
    "optimizer": "adam",
    "seed": 52,
    "device": 0,
    "embedding_type": "bert",
    "pretrained_dir": "/data/dai031/Corpora/SciBERT/scibert_scivocab_cased",
    "dropout": 0.4,
    "word_dropout": 0.05,
    "variational_dropout": 0.5,
    "augmentation": [
        "LwTR"
    ],
    "p_power": 1.0,
    "replace_ratio": 0.3,
    "num_generated_samples": 1,
    "debug": false,
    "result": {
        "epoch-1": {
            "time": 13.531315326690674,
            "lr": 3e-05,
            "train_loss": 1.345760326385498,
            "dev_score": 0.0
        },
        "best_epoch": 24,
        "epoch-2": {
            "time": 11.455618619918823,
            "lr": 3e-05,
            "train_loss": 0.9766577625274658,
            "dev_score": 0.10062893081761008
        },
        "epoch-3": {
            "time": 11.142366647720337,
            "lr": 3e-05,
            "train_loss": 0.7313716793060303,
            "dev_score": 0.12094395280235985
        },
        "epoch-4": {
            "time": 11.167747020721436,
            "lr": 3e-05,
            "train_loss": 0.5579020690917968,
            "dev_score": 0.22325150532654006
        },
        "epoch-5": {
            "time": 11.156599998474121,
            "lr": 3e-05,
            "train_loss": 0.42741577625274657,
            "dev_score": 0.22582535651494431
        },
        "epoch-6": {
            "time": 11.186820268630981,
            "lr": 3e-05,
            "train_loss": 0.3036938452720642,
            "dev_score": 0.26763901549680946
        },
        "epoch-7": {
            "time": 11.233475923538208,
            "lr": 3e-05,
            "train_loss": 0.23967890024185182,
            "dev_score": 0.2924214417744917
        },
        "epoch-8": {
            "time": 11.179624080657959,
            "lr": 3e-05,
            "train_loss": 0.1688914680480957,
            "dev_score": 0.29577464788732394
        },
        "epoch-9": {
            "time": 11.230742931365967,
            "lr": 3e-05,
            "train_loss": 0.14404109358787537,
            "dev_score": 0.33284618195104126
        },
        "epoch-10": {
            "time": 11.16304349899292,
            "lr": 3e-05,
            "train_loss": 0.13106078267097473,
            "dev_score": 0.3403508771929824
        },
        "epoch-11": {
            "time": 11.070838689804077,
            "lr": 3e-05,
            "train_loss": 0.1306239867210388,
            "dev_score": 0.36775431861804225
        },
        "epoch-12": {
            "time": 11.062863826751709,
            "lr": 3e-05,
            "train_loss": 0.1440744948387146,
            "dev_score": 0.3408897221748764
        },
        "epoch-13": {
            "time": 11.06881308555603,
            "lr": 3e-05,
            "train_loss": 0.13125017881393433,
            "dev_score": 0.3457872664887533
        },
        "epoch-14": {
            "time": 11.127551794052124,
            "lr": 3e-05,
            "train_loss": 0.13132649660110474,
            "dev_score": 0.358683314415437
        },
        "epoch-15": {
            "time": 11.112921237945557,
            "lr": 1.5e-05,
            "train_loss": 0.08789176702499389,
            "dev_score": 0.3578216374269006
        },
        "epoch-16": {
            "time": 11.13417911529541,
            "lr": 1.5e-05,
            "train_loss": 0.09428323864936829,
            "dev_score": 0.35172290662381717
        },
        "epoch-17": {
            "time": 11.038204193115234,
            "lr": 1.5e-05,
            "train_loss": 0.08910264313220978,
            "dev_score": 0.3482794577685088
        },
        "epoch-18": {
            "time": 11.083698511123657,
            "lr": 1.5e-05,
            "train_loss": 0.1689278304576874,
            "dev_score": 0.36481970096745825
        },
        "epoch-19": {
            "time": 11.157109022140503,
            "lr": 1.5e-05,
            "train_loss": 0.08518276810646057,
            "dev_score": 0.38349159970781593
        },
        "epoch-20": {
            "time": 11.135220289230347,
            "lr": 1.5e-05,
            "train_loss": 0.08849958181381226,
            "dev_score": 0.3914089983336419
        },
        "epoch-21": {
            "time": 11.231822729110718,
            "lr": 1.5e-05,
            "train_loss": 0.07917720437049866,
            "dev_score": 0.39135381114903295
        },
        "epoch-22": {
            "time": 11.39154314994812,
            "lr": 1.5e-05,
            "train_loss": 0.09991092801094055,
            "dev_score": 0.38688035780842345
        },
        "epoch-23": {
            "time": 11.13559365272522,
            "lr": 1.5e-05,
            "train_loss": 0.10898596942424774,
            "dev_score": 0.38894113221741583
        },
        "epoch-24": {
            "time": 11.057414054870605,
            "lr": 1.5e-05,
            "train_loss": 0.11612212657928467,
            "dev_score": 0.3945605045329129
        },
        "epoch-25": {
            "time": 11.13631796836853,
            "lr": 1.5e-05,
            "train_loss": 0.09049812078475952,
            "dev_score": 0.37333839726547663
        },
        "epoch-26": {
            "time": 11.125679016113281,
            "lr": 1.5e-05,
            "train_loss": 0.08344447731971741,
            "dev_score": 0.3385772913816689
        },
        "epoch-27": {
            "time": 11.112566709518433,
            "lr": 1.5e-05,
            "train_loss": 0.10451014339923859,
            "dev_score": 0.3230396119644301
        },
        "epoch-28": {
            "time": 11.160787105560303,
            "lr": 7.5e-06,
            "train_loss": 0.09652401149272918,
            "dev_score": 0.34194300949841694
        },
        "epoch-29": {
            "time": 11.161837577819824,
            "lr": 7.5e-06,
            "train_loss": 0.09159311890602112,
            "dev_score": 0.3386743127002867
        },
        "epoch-30": {
            "time": 11.135193347930908,
            "lr": 7.5e-06,
            "train_loss": 0.08586139321327209,
            "dev_score": 0.35033259423503327
        },
        "epoch-31": {
            "time": 11.173827886581421,
            "lr": 7.5e-06,
            "train_loss": 0.08070076823234558,
            "dev_score": 0.3627676517430543
        },
        "epoch-32": {
            "time": 11.108641862869263,
            "lr": 3.75e-06,
            "train_loss": 0.07466165959835053,
            "dev_score": 0.37435897435897436
        },
        "epoch-33": {
            "time": 11.088290691375732,
            "lr": 3.75e-06,
            "train_loss": 0.08998853385448456,
            "dev_score": 0.37845868152274836
        },
        "epoch-34": {
            "time": 11.284492492675781,
            "lr": 3.75e-06,
            "train_loss": 0.08013033866882324,
            "dev_score": 0.3752310536044363
        },
        "dev_result": {
            "problem": {
                "tp": 642,
                "fp": 637,
                "fn": 356,
                "tn": 642,
                "p": 0.5019546520719312,
                "r": 0.6432865731462926,
                "f": 0.5638998682476943
            },
            "test": {
                "tp": 348,
                "fp": 1276,
                "fn": 156,
                "tn": 348,
                "p": 0.21428571428571427,
                "r": 0.6904761904761905,
                "f": 0.32706766917293234
            },
            "treatment": {
                "tp": 11,
                "fp": 17,