{
    "data_folder": "data",
    "task_name": "development",
    "train_filepath": "data/train.txt",
    "dev_filepath": "data/dev.txt",
    "test_filepath": "data/test.txt",
    "output_dir": "development",
    "result_filepath": "mr.json",
    "log_filepath": "development.log",
    "lr": 3e-05,
    "min_lr": 1e-08,
    "train_bs": 16,
    "eval_bs": 16,
    "max_epochs": 100,
    "anneal_factor": 0.5,
    "anneal_patience": 3,
    "early_stop_patience": 10,
    "optimizer": "adam",
    "seed": 52,
    "device": 0,
    "embedding_type": "bert",
    "pretrained_dir": "/data/dai031/Corpora/SciBERT/scibert_scivocab_cased",
    "dropout": 0.4,
    "word_dropout": 0.05,
    "variational_dropout": 0.5,
    "augmentation": [
        "MR"
    ],
    "p_power": 1.0,
    "replace_ratio": 0.3,
    "num_generated_samples": 1,
    "debug": false,
    "result": {
        "epoch-1": {
            "time": 12.841202020645142,
            "lr": 3e-05,
            "train_loss": 1.3618226432800293,
            "dev_score": 0.0
        },
        "best_epoch": 20,
        "epoch-2": {
            "time": 11.306226253509521,
            "lr": 3e-05,
            "train_loss": 0.9424783897399902,
            "dev_score": 0.13916786226685796
        },
        "epoch-3": {
            "time": 11.23334550857544,
            "lr": 3e-05,
            "train_loss": 0.6852517604827881,
            "dev_score": 0.16008537886872998
        },
        "epoch-4": {
            "time": 11.2330641746521,
            "lr": 3e-05,
            "train_loss": 0.45622384548187256,
            "dev_score": 0.25240641711229944
        },
        "epoch-5": {
            "time": 11.1360604763031,
            "lr": 3e-05,
            "train_loss": 0.3687304162979126,
            "dev_score": 0.26052735143644234
        },
        "epoch-6": {
            "time": 11.176425457000732,
            "lr": 3e-05,
            "train_loss": 0.2348140525817871,
            "dev_score": 0.304564907275321
        },
        "epoch-7": {
            "time": 11.12309455871582,
            "lr": 3e-05,
            "train_loss": 0.1582588481903076,
            "dev_score": 0.3361157484696717
        },
        "epoch-8": {
            "time": 11.10281491279602,
            "lr": 3e-05,
            "train_loss": 0.1326187515258789,
            "dev_score": 0.28062724599803984
        },
        "epoch-9": {
            "time": 11.114946365356445,
            "lr": 3e-05,
            "train_loss": 0.13417341828346252,
            "dev_score": 0.36406025824964133
        },
        "epoch-10": {
            "time": 11.228976726531982,
            "lr": 3e-05,
            "train_loss": 0.12435518383979798,
            "dev_score": 0.3527138591252415
        },
        "epoch-11": {
            "time": 11.206202507019043,
            "lr": 3e-05,
            "train_loss": 0.11484588265419006,
            "dev_score": 0.3432147562582345
        },
        "epoch-12": {
            "time": 11.238220691680908,
            "lr": 3e-05,
            "train_loss": 0.1055951750278473,
            "dev_score": 0.3232005040163805
        },
        "epoch-13": {
            "time": 11.21566891670227,
            "lr": 3e-05,
            "train_loss": 0.12789089918136598,
            "dev_score": 0.37128027681660897
        },
        "epoch-14": {
            "time": 11.221729278564453,
            "lr": 3e-05,
            "train_loss": 0.09005980670452118,
            "dev_score": 0.3353549768105601
        },
        "epoch-15": {
            "time": 11.172443866729736,
            "lr": 3e-05,
            "train_loss": 0.09257274329662322,
            "dev_score": 0.3250860232672456
        },
        "epoch-16": {
            "time": 11.146302938461304,
            "lr": 3e-05,
            "train_loss": 0.09781294345855712,
            "dev_score": 0.35296000000000005
        },
        "epoch-17": {
            "time": 11.051708698272705,
            "lr": 1.5e-05,
            "train_loss": 0.07476474821567536,
            "dev_score": 0.36475831333561876
        },
        "epoch-18": {
            "time": 11.129718542098999,
            "lr": 1.5e-05,
            "train_loss": 0.09365854859352112,
            "dev_score": 0.3674540682414698
        },
        "epoch-19": {
            "time": 11.125327587127686,
            "lr": 1.5e-05,
            "train_loss": 0.09860450029373169,
            "dev_score": 0.3740445048411755
        },
        "epoch-20": {
            "time": 11.133369207382202,
            "lr": 1.5e-05,
            "train_loss": 0.06558233857154847,
            "dev_score": 0.37849606431083577
        },
        "epoch-21": {
            "time": 11.154090642929077,
            "lr": 1.5e-05,
            "train_loss": 0.09851560354232788,
            "dev_score": 0.37623436471362737
        },
        "epoch-22": {
            "time": 11.124346494674683,
            "lr": 1.5e-05,
            "train_loss": 0.08147834658622742,
            "dev_score": 0.36775655551958564
        },
        "epoch-23": {
            "time": 11.123822689056396,
            "lr": 1.5e-05,
            "train_loss": 0.07674791336059571,
            "dev_score": 0.35428209593161314
        },
        "epoch-24": {
            "time": 11.095539331436157,
            "lr": 7.5e-06,
            "train_loss": 0.08373616933822632,
            "dev_score": 0.34325522482583914
        },
        "epoch-25": {
            "time": 11.170681953430176,
            "lr": 7.5e-06,
            "train_loss": 0.09333056986331939,
            "dev_score": 0.3410432285851013
        },
        "epoch-26": {
            "time": 11.409706115722656,
            "lr": 7.5e-06,
            "train_loss": 0.09463826775550842,
            "dev_score": 0.3447830995000806
        },
        "epoch-27": {
            "time": 11.104613780975342,
            "lr": 7.5e-06,
            "train_loss": 0.07625128507614136,
            "dev_score": 0.34571104264634345
        },
        "epoch-28": {
            "time": 11.154687404632568,
            "lr": 3.75e-06,
            "train_loss": 0.07067487061023713,
            "dev_score": 0.3527682508574228
        },
        "epoch-29": {
            "time": 11.132963418960571,
            "lr": 3.75e-06,
            "train_loss": 0.0740116548538208,
            "dev_score": 0.354071661237785
        },
        "epoch-30": {
            "time": 11.154877424240112,
            "lr": 3.75e-06,
            "train_loss": 0.10227129220962525,
            "dev_score": 0.35362506055223636
        },
        "dev_result": {
            "problem": {
                "tp": 732,
                "fp": 962,
                "fn": 266,
                "tn": 732,
                "p": 0.43211334120425027,
                "r": 0.7334669338677354,
                "f": 0.5438335809806835
            },
            "test": {
                "tp": 390,
                "fp": 1719,
                "fn": 114,
                "tn": 390,
                "p": 0.18492176386913228,
                "r": 0.7738095238095238,
                "f": 0.2985074626865672
            },
            "treatment": {
                "tp": 8,
                "fp": 17,
                "fn": 633,
                "tn": 8,
                "p": 0.32,
                "r": 0.0124804992199688,
                "f": 0.024024024024024027
            },
            "overall": {
                "tp": 1130,
                "fp": 2698,
                "fn": 1013,
                "tn": 1130,
                "p": 0.29519331243469177,
                "r": 0.5272981801213252,
                "f": 0.37849606431083577
            }
        },
        "test_result": {
            "problem": {
                "tp": 9289,
                "fp": 10239,
                "fn": 3303,
                "tn": 9289,
                "p": 0.4756759524784924,
                "r": 0.7376905972045743,
                "f": 0.5783935242839352
            },