{
    "data_folder": "data",
    "task_name": "development",
    "train_filepath": "data/train.txt",
    "dev_filepath": "data/dev.txt",
    "test_filepath": "data/test.txt",
    "output_dir": "development",
    "result_filepath": "sis.json",
    "log_filepath": "development.log",
    "lr": 3e-05,
    "min_lr": 1e-08,
    "train_bs": 16,
    "eval_bs": 16,
    "max_epochs": 100,
    "anneal_factor": 0.5,
    "anneal_patience": 3,
    "early_stop_patience": 10,
    "optimizer": "adam",
    "seed": 52,
    "device": 0,
    "embedding_type": "bert",
    "pretrained_dir": "/data/dai031/Corpora/SciBERT/scibert_scivocab_cased",
    "dropout": 0.4,
    "word_dropout": 0.05,
    "variational_dropout": 0.5,
    "augmentation": [
        "SiS"
    ],
    "p_power": 1.0,
    "replace_ratio": 0.3,
    "num_generated_samples": 1,
    "debug": false,
    "result": {
        "epoch-1": {
            "time": 12.09209680557251,
            "lr": 3e-05,
            "train_loss": 1.3487637805938721,
            "dev_score": 0.0
        },
        "best_epoch": 12,
        "epoch-2": {
            "time": 11.146296262741089,
            "lr": 3e-05,
            "train_loss": 0.9441156959533692,
            "dev_score": 0.1277056277056277
        },
        "epoch-3": {
            "time": 11.121599912643433,
            "lr": 3e-05,
            "train_loss": 0.7571824073791504,
            "dev_score": 0.11905682257441053
        },
        "epoch-4": {
            "time": 11.1798574924469,
            "lr": 3e-05,
            "train_loss": 0.5895343589782714,
            "dev_score": 0.23582313265051214
        },
        "epoch-5": {
            "time": 11.222280740737915,
            "lr": 3e-05,
            "train_loss": 0.46771099090576174,
            "dev_score": 0.27278746413595234
        },
        "epoch-6": {
            "time": 11.106743335723877,
            "lr": 3e-05,
            "train_loss": 0.3145924997329712,
            "dev_score": 0.28660695688398247
        },
        "epoch-7": {
            "time": 11.1925630569458,
            "lr": 3e-05,
            "train_loss": 0.21049808740615844,
            "dev_score": 0.3069731203739774
        },
        "epoch-8": {
            "time": 11.147681951522827,
            "lr": 3e-05,
            "train_loss": 0.19342472553253173,
            "dev_score": 0.3161948777200077
        },
        "epoch-9": {
            "time": 11.153812885284424,
            "lr": 3e-05,
            "train_loss": 0.09915592312812806,
            "dev_score": 0.31399962214245236
        },
        "epoch-10": {
            "time": 11.065774202346802,
            "lr": 3e-05,
            "train_loss": 0.1674315357208252,
            "dev_score": 0.31239388794567063
        },
        "epoch-11": {
            "time": 11.062005519866943,
            "lr": 3e-05,
            "train_loss": 0.11097324728965759,
            "dev_score": 0.3282708142726441
        },
        "epoch-12": {
            "time": 11.201965808868408,
            "lr": 3e-05,
            "train_loss": 0.11012827277183533,
            "dev_score": 0.36784968684759917
        },
        "epoch-13": {
            "time": 11.150307655334473,
            "lr": 3e-05,
            "train_loss": 0.10632325053215026,
            "dev_score": 0.32623318385650224
        },
        "epoch-14": {
            "time": 11.229948043823242,
            "lr": 3e-05,
            "train_loss": 0.12329875230789185,
            "dev_score": 0.31309904153354634
        },
        "epoch-15": {
            "time": 11.199443340301514,
            "lr": 3e-05,
            "train_loss": 0.09576467871665954,
            "dev_score": 0.3553401978598829
        },
        "epoch-16": {
            "time": 11.2223379611969,
            "lr": 1.5e-05,
            "train_loss": 0.10024350523948669,
            "dev_score": 0.3446048632218845
        },
        "epoch-17": {
            "time": 11.115633487701416,
            "lr": 1.5e-05,
            "train_loss": 0.10471435546875,
            "dev_score": 0.30578800557880054
        },
        "epoch-18": {
            "time": 11.171555280685425,
            "lr": 1.5e-05,
            "train_loss": 0.12349911749362946,
            "dev_score": 0.305028305028305
        },
        "epoch-19": {
            "time": 11.177199125289917,
            "lr": 1.5e-05,
            "train_loss": 0.09482522010803222,
            "dev_score": 0.31950207468879666
        },
        "epoch-20": {
            "time": 11.151353597640991,
            "lr": 7.5e-06,
            "train_loss": 0.0961026394367218,
            "dev_score": 0.3323054598222383
        },
        "epoch-21": {
            "time": 11.19218635559082,
            "lr": 7.5e-06,
            "train_loss": 0.07498827338218689,
            "dev_score": 0.3435514018691589
        },
        "epoch-22": {
            "time": 11.159144401550293,
            "lr": 7.5e-06,
            "train_loss": 0.09600202679634094,
            "dev_score": 0.3427495291902072
        },
        "dev_result": {
            "problem": {
                "tp": 605,
                "fp": 864,
                "fn": 393,
                "tn": 605,
                "p": 0.4118447923757658,
                "r": 0.6062124248496994,
                "f": 0.4904742602351034
            },
            "test": {
                "tp": 274,
                "fp": 891,
                "fn": 230,
                "tn": 274,
                "p": 0.2351931330472103,
                "r": 0.5436507936507936,
                "f": 0.3283403235470342
            },
            "treatment": {
                "tp": 2,
                "fp": 11,
                "fn": 639,
                "tn": 2,
                "p": 0.15384615384615385,
                "r": 0.0031201248049922,
                "f": 0.006116207951070337
            },
            "overall": {
                "tp": 881,
                "fp": 1766,
                "fn": 1262,
                "tn": 881,
                "p": 0.33282961843596526,
                "r": 0.4111059262715819,
                "f": 0.36784968684759917
            }
        },
        "test_result": {
            "problem": {
                "tp": 7570,
                "fp": 10298,
                "fn": 5022,
                "tn": 7570,
                "p": 0.42366241325274234,
                "r": 0.6011753494282084,
                "f": 0.4970453053184505
            },
            "test": {
                "tp": 4915,
                "fp": 11495,
                "fn": 4310,
                "tn": 4915,
                "p": 0.2995124923826935,
                "r": 0.5327913279132791,
                "f": 0.3834601131265848
            },
            "treatment": {
                "tp": 22,
                "fp": 93,
                "fn": 9322,
                "tn": 22,
                "p": 0.19130434782608696,
                "r": 0.0023544520547945204,
                "f": 0.004651654508933291
            },
            "overall": {
                "tp": 12507,
                "fp": 21886,
                "fn": 18654,
                "tn": 12507,
                "p": 0.36364957985636615,
                "r": 0.4013670934822374,
                "f": 0.3815785459315984
            }
        }
    }
}