{
    "data_folder": "data",
    "task_name": "development",
    "train_filepath": "data/train.txt",
    "dev_filepath": "data/dev.txt",
    "test_filepath": "data/test.txt",
    "output_dir": "development",
    "result_filepath": "sr.json",
    "log_filepath": "development.log",
    "lr": 3e-05,
    "min_lr": 1e-08,
    "train_bs": 16,
    "eval_bs": 16,
    "max_epochs": 100,
    "anneal_factor": 0.5,
    "anneal_patience": 3,
    "early_stop_patience": 10,
    "optimizer": "adam",
    "seed": 52,
    "device": 0,
    "embedding_type": "bert",
    "pretrained_dir": "/data/dai031/Corpora/SciBERT/scibert_scivocab_cased",
    "dropout": 0.4,
    "word_dropout": 0.05,
    "variational_dropout": 0.5,
    "augmentation": [
        "SR"
    ],
    "p_power": 1.0,
    "replace_ratio": 0.3,
    "num_generated_samples": 1,
    "debug": false,
    "result": {
        "epoch-1": {
            "time": 15.893662929534912,
            "lr": 3e-05,
            "train_loss": 1.373676242828369,
            "dev_score": 0.0
        },
        "best_epoch": 10,
        "epoch-2": {
            "time": 12.315402030944824,
            "lr": 3e-05,
            "train_loss": 0.9858367252349853,
            "dev_score": 0.09333865177502991
        },
        "epoch-3": {
            "time": 11.94874358177185,
            "lr": 3e-05,
            "train_loss": 0.7338109683990478,
            "dev_score": 0.125948406676783
        },
        "epoch-4": {
            "time": 11.613300085067749,
            "lr": 3e-05,
            "train_loss": 0.5349738788604737,
            "dev_score": 0.24401709401709398
        },
        "epoch-5": {
            "time": 11.563264608383179,
            "lr": 3e-05,
            "train_loss": 0.45383564472198484,
            "dev_score": 0.26711465770684584
        },
        "epoch-6": {
            "time": 11.426397323608398,
            "lr": 3e-05,
            "train_loss": 0.3155903434753418,
            "dev_score": 0.28746397694524495
        },
        "epoch-7": {
            "time": 11.445366382598877,
            "lr": 3e-05,
            "train_loss": 0.21471768617630005,
            "dev_score": 0.3237186138202947
        },
        "epoch-8": {
            "time": 11.27303695678711,
            "lr": 3e-05,
            "train_loss": 0.17634127616882325,
            "dev_score": 0.29692832764505117
        },
        "epoch-9": {
            "time": 11.174861907958984,
            "lr": 3e-05,
            "train_loss": 0.13963945150375368,
            "dev_score": 0.34027642592953083
        },
        "epoch-10": {
            "time": 11.386777877807617,
            "lr": 3e-05,
            "train_loss": 0.12728596806526185,
            "dev_score": 0.39083557951482484
        },
        "epoch-11": {
            "time": 11.145272254943848,
            "lr": 3e-05,
            "train_loss": 0.1008747410774231,
            "dev_score": 0.3640627818870648
        },
        "epoch-12": {
            "time": 11.145563125610352,
            "lr": 3e-05,
            "train_loss": 0.08747495174407958,
            "dev_score": 0.3571556510836468
        },
        "epoch-13": {
            "time": 11.093106985092163,
            "lr": 3e-05,
            "train_loss": 0.09808995187282563,
            "dev_score": 0.35180459351075466
        },
        "epoch-14": {
            "time": 11.160886764526367,
            "lr": 1.5e-05,
            "train_loss": 0.1284961575269699,
            "dev_score": 0.37695769576957694
        },
        "epoch-15": {
            "time": 11.123024702072144,
            "lr": 1.5e-05,
            "train_loss": 0.08404302477836609,
            "dev_score": 0.381602587136184
        },
        "epoch-16": {
            "time": 11.143653154373169,
            "lr": 1.5e-05,
            "train_loss": 0.1028306245803833,
            "dev_score": 0.37755847953216376
        },
        "epoch-17": {
            "time": 11.072472095489502,
            "lr": 1.5e-05,
            "train_loss": 0.07911905169486999,
            "dev_score": 0.36350093109869647
        },
        "epoch-18": {
            "time": 11.024609088897705,
            "lr": 7.5e-06,
            "train_loss": 0.09985737919807434,
            "dev_score": 0.35275253874933193
        },
        "epoch-19": {
            "time": 11.092366218566895,
            "lr": 7.5e-06,
            "train_loss": 0.07235769033432007,
            "dev_score": 0.35911111111111116
        },
        "epoch-20": {
            "time": 11.098791122436523,
            "lr": 7.5e-06,
            "train_loss": 0.1431357216835022,
            "dev_score": 0.3686163633150733
        },
        "dev_result": {
            "problem": {
                "tp": 660,
                "fp": 643,
                "fn": 338,
                "tn": 660,
                "p": 0.5065234075211051,
                "r": 0.6613226452905812,
                "f": 0.5736636245110821
            },
            "test": {
                "tp": 353,
                "fp": 1391,
                "fn": 151,
                "tn": 353,
                "p": 0.20240825688073394,
                "r": 0.7003968253968254,
                "f": 0.3140569395017794
            },
            "treatment": {
                "tp": 2,
                "fp": 2,
                "fn": 639,
                "tn": 2,
                "p": 0.5,
                "r": 0.0031201248049922,
                "f": 0.006201550387596899
            },
            "overall": {
                "tp": 1015,
                "fp": 2036,
                "fn": 1128,
                "tn": 1015,
                "p": 0.33267781055391676,
                "r": 0.47363509099393375,
                "f": 0.39083557951482484
            }
        },
        "test_result": {
            "problem": {
                "tp": 8240,
                "fp": 7270,
                "fn": 4352,
                "tn": 8240,
                "p": 0.5312701482914249,
                "r": 0.6543837357052097,
                "f": 0.586435129172301
            },
            "test": {
                "tp": 6007,
                "fp": 17090,
                "fn": 3218,
                "tn": 6007,
                "p": 0.2600770662856648,
                "r": 0.6511653116531165,
                "f": 0.3716972959594085
            },
            "treatment": {
                "tp": 17,
                "fp": 53,
                "fn": 9327,
                "tn": 17,
                "p": 0.24285714285714285,
                "r": 0.001819349315068493,
                "f": 0.0036116422349691947
            },
            "overall": {
                "tp": 14264,
                "fp": 24413,
                "fn": 16897,
                "tn": 14264,
                "p": 0.3687979936396308,
                "r": 0.4577516767754565,
                "f": 0.40848821558463877
            }
        }
    }
}